t,event,data
,start,"{""demo"": ""d03"", ""mode"": ""full"", ""autoplay"": true, ""warmup_s"": 65.0}"
,flow_cost_off,"{""mode"": ""full"", ""demo"": ""d03""}"
0.00,play,"{""source"": ""nav_ready"", ""t"": 0.0}"
0.00,task_start,"{""mode"": ""full"", ""phase"": ""idle""}"
0.00,phase,"{""from"": ""idle"", ""to"": ""to_stage""}"
0.00,goal,"{""x"": 28.5, ""y"": 19.6, ""yaw"": -0.861, ""seq"": 1}"
9.15,at_stage,"{""t"": 9.15, ""wait_s"": 0.0}"
9.15,phase,"{""from"": ""to_stage"", ""to"": ""wait_gate""}"
9.25,predictive_exclusion,"{""ids"": [""gamma_front"", ""p024""], ""reason"": ""closing"", ""w_now"": 6.69, ""opening"": -0.17, ""w_star"": -2.5, ""w_req"": 12.36, ""dt"": 54.5}"
9.25,predictive_exclusion,"{""ids"": [""p022"", ""beta_rear""], ""reason"": ""closing"", ""w_now"": 8.85, ""opening"": -0.08, ""w_star"": 4.25, ""w_req"": 10.08, ""dt"": 54.5}"
9.25,predictive_exclusion,"{""ids"": [""beta_front"", ""alpha_rear""], ""reason"": ""closing"", ""w_now"": 10.63, ""opening"": -0.1, ""w_star"": 9.12, ""w_req"": 16.0, ""dt"": 15.1}"
9.25,predictive_exclusion,"{""ids"": [""alpha_rear"", ""alpha_front""], ""reason"": ""closing"", ""w_now"": 4.09, ""opening"": -0.5, ""w_star"": 1.62, ""w_req"": 14.7, ""dt"": 4.9}"
9.25,adopt,"{""ids"": [""beta_rear"", ""beta_front""], ""w_now"": 5.77, ""opening"": 0.54, ""w_star"": 30.23, ""w_req"": 8.98, ""dt"": 45.3}"
9.25,no_go,"{""reason"": ""gap_not_here_yet"", ""t"": 9.25, ""mode"": ""full""}"
9.25,gate_table,"{""t"": 9.25, ""rows"": [{""ids"": [""p039"", ""p038""], ""w_now"": 1.6, ""rate"": -0.05, ""dt"": 117.5, ""w_star"": -4.5, ""w_req"": 11.1, ""ok"": false, ""reason"": ""beyond_horizon""}, {""ids"": [""p038"", ""p037""], ""w_now"": 1.0, ""rate"": 0.03, ""dt"": 125.3, ""w_star"": 4.5, ""w_req"": 10.4, ""ok"": false, ""reason"": ""beyond_horizon""}, {""ids"": [""p037"", ""p036""], ""w_now"": 0.8, ""rate"": -0.02, ""dt"": 117.8, ""w_star"": -1.5, ""w_req"": 10.8, ""ok"": false, ""reason"": ""beyond_horizon""}, {""ids"": [""p036"", ""p035""], ""w_now"": 1.1, ""rate"": -0.0, ""dt"": 120.3, ""w_star"": 0.8, ""w_req"": 10.5, ""ok"": false, ""reason"": ""beyond_horizon""}, {""ids"": [""p035"", ""p034""], ""w_now"": 2.1, ""rate"": 0.04, ""dt"": 118.9, ""w_star"": 6.8, ""w_req"": 10.5, ""ok"": false, ""reason"": ""beyond_horizon""}, {""ids"": [""p034"", ""p033""], ""w_now"": 0.8, ""rate"": 0.0, ""dt"": 107.8, ""w_star"": 0.9, ""w_req"": 11.0, ""ok"": false, ""reason"": ""beyond_horizon""}, {""ids"": [""p033"", ""p032""], ""w_now"": 1.2, ""rate"": -0.03, ""dt"": 106.4, ""w_star"": -1.9, ""w_req"": 11.0, ""ok"": false, ""reason"": ""beyond_horizon""}, {""ids"": [""p032"", ""p031""], ""w_now"": 0.8, ""rate"": -0.03, ""dt"": 109.6, ""w_star"": -2.1, ""w_req"": 10.6, ""ok"": false, ""reason"": ""beyond_horizon""}], ""decision"": ""NO_GO"", ""reason"": ""gap_not_here_yet""}"
9.25,goal,"{""x"": 28.5, ""y"": 19.6, ""yaw"": -1.571, ""seq"": 2}"
9.25,pre_align,"{""t"": 9.25, ""err_deg"": 39.4, ""key"": [""beta_rear"", ""beta_front""]}"
9.85,predictive_exclusion,"{""ids"": [""gamma_front"", ""rusher""], ""reason"": ""closing"", ""w_now"": 6.65, ""opening"": -0.07, ""w_star"": 2.84, ""w_req"": 12.36, ""dt"": 54.3}"
10.35,gate_table,"{""t"": 10.35, ""rows"": [{""ids"": [""p039"", ""p038""], ""w_now"": 0.6, ""rate"": -0.05, ""dt"": 111.3, ""w_star"": -5.1, ""w_req"": 11.1, ""ok"": false, ""reason"": ""beyond_horizon""}, {""ids"": [""p038"", ""p037""], ""w_now"": 1.2, ""rate"": 0.03, ""dt"": 120.3, ""w_star"": 4.6, ""w_req"": 10.4, ""ok"": false, ""reason"": ""beyond_horizon""}, {""ids"": [""p037"", ""p036""], ""w_now"": 0.7, ""rate"": -0.02, ""dt"": 112.7, ""w_star"": -1.5, ""w_req"": 10.8, ""ok"": false, ""reason"": ""beyond_horizon""}, {""ids"": [""p036"", ""p035""], ""w_now"": 2.0, ""rate"": -0.0, ""dt"": 115.2, ""w_star"": 1.7, ""w_req"": 10.5, ""ok"": false, ""reason"": ""beyond_horizon""}, {""ids"": [""p035"", ""p034""], ""w_now"": 1.4, ""rate"": 0.04, ""dt"": 112.3, ""w_star"": 5.9, ""w_req"": 10.5, ""ok"": false, ""reason"": ""beyond_horizon""}, {""ids"": [""p034"", ""p033""], ""w_now"": 0.9, ""rate"": 0.0, ""dt"": 102.7, ""w_star"": 0.9, ""w_req"": 11.0, ""ok"": false, ""reason"": ""beyond_horizon""}, {""ids"": [""p033"", ""p032""], ""w_now"": 0.9, ""rate"": -0.03, ""dt"": 101.2, ""w_star"": -2.0, ""w_req"": 11.0, ""ok"": false, ""reason"": ""beyond_horizon""}, {""ids"": [""p032"", ""p031""], ""w_now"": 0.5, ""rate"": -0.03, ""dt"": 104.7, ""w_star"": -2.3, ""w_req"": 10.6, ""ok"": false, ""reason"": ""beyond_horizon""}], ""decision"": ""NO_GO"", ""reason"": ""gap_not_here_yet""}"
11.05,goal_done,"{""seq"": 2, ""status"": 4}"
11.35,predictive_exclusion,"{""ids"": [""p023"", ""beta_rear""], ""reason"": ""closing"", ""w_now"": 7.54, ""opening"": -0.09, ""w_star"": 2.98, ""w_req"": 10.18, ""dt"": 49.5}"
11.35,gate_table,"{""t"": 11.35, ""rows"": [{""ids"": [""p039"", ""p038""], ""w_now"": 1.1, ""rate"": -0.05, ""dt"": 112.5, ""w_star"": -4.7, ""w_req"": 11.1, ""ok"": false, ""reason"": ""beyond_horizon""}, {""ids"": [""p038"", ""p037""], ""w_now"": 1.3, ""rate"": 0.03, ""dt"": 120.7, ""w_star"": 4.7, ""w_req"": 10.4, ""ok"": false, ""reason"": ""beyond_horizon""}, {""ids"": [""p037"", ""p036""], ""w_now"": 0.8, ""rate"": -0.02, ""dt"": 112.9, ""w_star"": -1.4, ""w_req"": 10.8, ""ok"": false, ""reason"": ""beyond_horizon""}, {""ids"": [""p036"", ""p035""], ""w_now"": 1.3, ""rate"": -0.0, ""dt"": 115.3, ""w_star"": 1.0, ""w_req"": 10.5, ""ok"": false, ""reason"": ""beyond_horizon""}, {""ids"": [""p035"", ""p034""], ""w_now"": 2.1, ""rate"": 0.04, ""dt"": 113.6, ""w_star"": 6.6, ""w_req"": 10.5, ""ok"": false, ""reason"": ""beyond_horizon""}, {""ids"": [""p034"", ""p033""], ""w_now"": 1.2, ""rate"": 0.0, ""dt"": 102.8, ""w_star"": 1.2, ""w_req"": 11.0, ""ok"": false, ""reason"": ""beyond_horizon""}, {""ids"": [""p033"", ""p032""], ""w_now"": 0.3, ""rate"": -0.03, ""dt"": 100.9, ""w_star"": -2.6, ""w_req"": 11.0, ""ok"": false, ""reason"": ""beyond_horizon""}, {""ids"": [""p032"", ""p031""], ""w_now"": 1.0, ""rate"": -0.03, ""dt"": 105.4, ""w_star"": -1.9, ""w_req"": 10.6, ""ok"": false, ""reason"": ""beyond_horizon""}], ""decision"": ""NO_GO"", ""reason"": ""gap_not_here_yet""}"
12.45,gate_table,"{""t"": 12.45, ""rows"": [{""ids"": [""p039"", ""p038""], ""w_now"": 1.2, ""rate"": -0.05, ""dt"": 111.6, ""w_star"": -4.5, ""w_req"": 11.1, ""ok"": false, ""reason"": ""beyond_horizon""}, {""ids"": [""p038"", ""p037""], ""w_now"": 1.0, ""rate"": 0.03, ""dt"": 119.6, ""w_star"": 4.3, ""w_req"": 10.4, ""ok"": false, ""reason"": ""beyond_horizon""}, {""ids"": [""p037"", ""p036""], ""w_now"": 0.1, ""rate"": -0.02, ""dt"": 112.3, ""w_star"": -2.1, ""w_req"": 10.8, ""ok"": false, ""reason"": ""beyond_horizon""}, {""ids"": [""p036"", ""p035""], ""w_now"": 2.0, ""rate"": -0.0, ""dt"": 116.0, ""w_star"": 1.7, ""w_req"": 10.5, ""ok"": false, ""reason"": ""beyond_horizon""}, {""ids"": [""p035"", ""p034""], ""w_now"": 1.8, ""rate"": 0.04, ""dt"": 113.0, ""w_star"": 6.2, ""w_req"": 10.5, ""ok"": false, ""reason"": ""beyond_horizon""}, {""ids"": [""p034"", ""p033""], ""w_now"": 1.0, ""rate"": 0.0, ""dt"": 102.9, ""w_star"": 1.1, ""w_req"": 11.0, ""ok"": false, ""reason"": ""beyond_horizon""}, {""ids"": [""p033"", ""p032""], ""w_now"": 0.9, ""rate"": -0.03, ""dt"": 101.2, ""w_star"": -2.0, ""w_req"": 11.0, ""ok"": false, ""reason"": ""beyond_horizon""}, {""ids"": [""p032"", ""p031""], ""w_now"": 0.8, ""rate"": -0.03, ""dt"": 104.6, ""w_star"": -2.0, ""w_req"": 10.6, ""ok"": false, ""reason"": ""beyond_horizon""}], ""decision"": ""NO_GO"", ""reason"": ""gap_not_here_yet""}"
13.45,gate_table,"{""t"": 13.45, ""rows"": [{""ids"": [""p039"", ""p038""], ""w_now"": 0.8, ""rate"": -0.05, ""dt"": 112.0, ""w_star"": -5.0, ""w_req"": 11.1, ""ok"": false, ""reason"": ""beyond_horizon""}, {""ids"": [""p038"", ""p037""], ""w_now"": 1.5, ""rate"": 0.03, ""dt"": 120.7, ""w_star"": 4.8, ""w_req"": 10.4, ""ok"": false, ""reason"": ""beyond_horizon""}, {""ids"": [""p037"", ""p036""], ""w_now"": 1.0, ""rate"": -0.02, ""dt"": 112.7, ""w_star"": -1.2, ""w_req"": 10.8, ""ok"": false, ""reason"": ""beyond_horizon""}, {""ids"": [""p036"", ""p035""], ""w_now"": 1.4, ""rate"": -0.0, ""dt"": 114.9, ""w_star"": 1.1, ""w_req"": 10.5, ""ok"": false, ""reason"": ""beyond_horizon""}, {""ids"": [""p035"", ""p034""], ""w_now"": 1.3, ""rate"": 0.04, ""dt"": 112.9, ""w_star"": 5.7, ""w_req"": 10.5, ""ok"": false, ""reason"": ""beyond_horizon""}, {""ids"": [""p034"", ""p033""], ""w_now"": 1.4, ""rate"": 0.0, ""dt"": 103.6, ""w_star"": 1.5, ""w_req"": 11.0, ""ok"": false, ""reason"": ""beyond_horizon""}, {""ids"": [""p033"", ""p032""], ""w_now"": 0.8, ""rate"": -0.03, ""dt"": 101.2, ""w_star"": -2.1, ""w_req"": 11.0, ""ok"": false, ""reason"": ""beyond_horizon""}, {""ids"": [""p032"", ""p031""], ""w_now"": 0.8, ""rate"": -0.03, ""dt"": 104.9, ""w_star"": -2.1, ""w_req"": 10.6, ""ok"": false, ""reason"": ""beyond_horizon""}], ""decision"": ""NO_GO"", ""reason"": ""gap_not_here_yet""}"
14.46,gate_table,"{""t"": 14.46, ""rows"": [{""ids"": [""p039"", ""p038""], ""w_now"": 1.3, ""rate"": -0.05, ""dt"": 111.7, ""w_star"": -4.5, ""w_req"": 11.1, ""ok"": false, ""reason"": ""beyond_horizon""}, {""ids"": [""p038"", ""p037""], ""w_now"": 1.2, ""rate"": 0.03, ""dt"": 119.6, ""w_star"": 4.5, ""w_req"": 10.4, ""ok"": false, ""reason"": ""beyond_horizon""}, {""ids"": [""p037"", ""p036""], ""w_now"": 0.3, ""rate"": -0.02, ""dt"": 112.0, ""w_star"": -1.9, ""w_req"": 10.8, ""ok"": false, ""reason"": ""beyond_horizon""}, {""ids"": [""p036"", ""p035""], ""w_now"": 1.6, ""rate"": -0.0, ""dt"": 115.2, ""w_star"": 1.3, ""w_req"": 10.5, ""ok"": false, ""reason"": ""beyond_horizon""}, {""ids"": [""p035"", ""p034""], ""w_now"": 1.1, ""rate"": 0.04, ""dt"": 112.9, ""w_star"": 5.6, ""w_req"": 10.5, ""ok"": false, ""reason"": ""beyond_horizon""}, {""ids"": [""p034"", ""p033""], ""w_now"": 1.5, ""rate"": 0.0, ""dt"": 103.9, ""w_star"": 1.5, ""w_req"": 11.0, ""ok"": false, ""reason"": ""beyond_horizon""}, {""ids"": [""p033"", ""p032""], ""w_now"": 1.4, ""rate"": -0.03, ""dt"": 101.4, ""w_star"": -1.5, ""w_req"": 11.0, ""ok"": false, ""reason"": ""beyond_horizon""}, {""ids"": [""p032"", ""p031""], ""w_now"": 0.1, ""rate"": -0.03, ""dt"": 104.0, ""w_star"": -2.7, ""w_req"": 10.6, ""ok"": false, ""reason"": ""beyond_horizon""}], ""decision"": ""NO_GO"", ""reason"": ""gap_not_here_yet""}"
15.55,gate_table,"{""t"": 15.55, ""rows"": [{""ids"": [""p039"", ""p038""], ""w_now"": 1.2, ""rate"": -0.05, ""dt"": 107.7, ""w_star"": -4.4, ""w_req"": 11.1, ""ok"": false, ""reason"": ""beyond_horizon""}, {""ids"": [""p038"", ""p037""], ""w_now"": 1.7, ""rate"": 0.03, ""dt"": 115.4, ""w_star"": 4.9, ""w_req"": 10.4, ""ok"": false, ""reason"": ""beyond_horizon""}, {""ids"": [""p037"", ""p036""], ""w_now"": 0.1, ""rate"": -0.02, ""dt"": 107.3, ""w_star"": -2.0, ""w_req"": 10.8, ""ok"": false, ""reason"": ""beyond_horizon""}, {""ids"": [""p036"", ""p035""], ""w_now"": 2.3, ""rate"": -0.0, ""dt"": 110.8, ""w_star"": 2.0, ""w_req"": 10.5, ""ok"": false, ""reason"": ""beyond_horizon""}, {""ids"": [""p035"", ""p034""], ""w_now"": 0.7, ""rate"": 0.04, ""dt"": 107.3, ""w_star"": 4.9, ""w_req"": 10.5, ""ok"": false, ""reason"": ""beyond_horizon""}, {""ids"": [""p034"", ""p033""], ""w_now"": 2.3, ""rate"": 0.0, ""dt"": 99.3, ""w_star"": 2.4, ""w_req"": 11.0, ""ok"": false, ""reason"": ""beyond_horizon""}, {""ids"": [""p033"", ""p031""], ""w_now"": 1.1, ""rate"": -0.06, ""dt"": 95.4, ""w_star"": -4.3, ""w_req"": 11.0, ""ok"": false, ""reason"": ""beyond_horizon""}, {""ids"": [""p031"", ""p032""], ""w_now"": 0.2, ""rate"": 0.03, ""dt"": 103.0, ""w_star"": 3.0, ""w_req"": 10.3, ""ok"": false, ""reason"": ""beyond_horizon""}], ""decision"": ""NO_GO"", ""reason"": ""gap_not_here_yet""}"
16.65,gate_table,"{""t"": 16.65, ""rows"": [{""ids"": [""p039"", ""p038""], ""w_now"": 1.3, ""rate"": -0.05, ""dt"": 106.7, ""w_star"": -4.2, ""w_req"": 11.1, ""ok"": false, ""reason"": ""beyond_horizon""}, {""ids"": [""p038"", ""p036""], ""w_now"": 0.6, ""rate"": 0.01, ""dt"": 114.1, ""w_star"": 1.5, ""w_req"": 10.4, ""ok"": false, ""reason"": ""beyond_horizon""}, {""ids"": [""p036"", ""p037""], ""w_now"": 0.4, ""rate"": 0.02, ""dt"": 111.4, ""w_star"": 2.5, ""w_req"": 10.5, ""ok"": false, ""reason"": ""beyond_horizon""}, {""ids"": [""p037"", ""p035""], ""w_now"": 2.0, ""rate"": -0.02, ""dt"": 107.2, ""w_star"": -0.4, ""w_req"": 10.8, ""ok"": false, ""reason"": ""beyond_horizon""}, {""ids"": [""p035"", ""p034""], ""w_now"": 1.0, ""rate"": 0.04, ""dt"": 107.8, ""w_star"": 5.3, ""w_req"": 10.5, ""ok"": false, ""reason"": ""beyond_horizon""}, {""ids"": [""p034"", ""p033""], ""w_now"": 1.6, ""rate"": 0.0, ""dt"": 99.2, ""w_star"": 1.7, ""w_req"": 11.0, ""ok"": false, ""reason"": ""beyond_horizon""}, {""ids"": [""p033"", ""p032""], ""w_now"": 0.5, ""rate"": -0.03, ""dt"": 96.5, ""w_star"": -2.2, ""w_req"": 11.0, ""ok"": false, ""reason"": ""beyond_horizon""}, {""ids"": [""p032"", ""p031""], ""w_now"": 1.2, ""rate"": -0.03, ""dt"": 100.3, ""w_star"": -1.5, ""w_req"": 10.6, ""ok"": false, ""reason"": ""beyond_horizon""}], ""decision"": ""NO_GO"", ""reason"": ""gap_not_here_yet""}"
17.75,gate_table,"{""t"": 17.75, ""rows"": [{""ids"": [""p039"", ""p038""], ""w_now"": 1.5, ""rate"": -0.05, ""dt"": 108.0, ""w_star"": -4.1, ""w_req"": 11.1, ""ok"": false, ""reason"": ""beyond_horizon""}, {""ids"": [""p038"", ""p036""], ""w_now"": 1.7, ""rate"": 0.01, ""dt"": 115.1, ""w_star"": 2.6, ""w_req"": 10.4, ""ok"": false, ""reason"": ""beyond_horizon""}, {""ids"": [""p036"", ""p037""], ""w_now"": 0.6, ""rate"": 0.02, ""dt"": 110.6, ""w_star"": 2.8, ""w_req"": 10.5, ""ok"": false, ""reason"": ""beyond_horizon""}, {""ids"": [""p037"", ""p035""], ""w_now"": 1.1, ""rate"": -0.02, ""dt"": 106.0, ""w_star"": -1.2, ""w_req"": 10.8, ""ok"": false, ""reason"": ""beyond_horizon""}, {""ids"": [""p035"", ""p034""], ""w_now"": 1.8, ""rate"": 0.04, ""dt"": 108.2, ""w_star"": 6.1, ""w_req"": 10.5, ""ok"": false, ""reason"": ""beyond_horizon""}, {""ids"": [""p034"", ""p033""], ""w_now"": 1.1, ""rate"": 0.0, ""dt"": 98.3, ""w_star"": 1.2, ""w_req"": 11.0, ""ok"": false, ""reason"": ""beyond_horizon""}, {""ids"": [""p033"", ""p032""], ""w_now"": 0.2, ""rate"": -0.03, ""dt"": 96.4, ""w_star"": -2.5, ""w_req"": 11.0, ""ok"": false, ""reason"": ""beyond_horizon""}, {""ids"": [""p032"", ""p031""], ""w_now"": 1.5, ""rate"": -0.03, ""dt"": 100.7, ""w_star"": -1.2, ""w_req"": 10.6, ""ok"": false, ""reason"": ""beyond_horizon""}], ""decision"": ""NO_GO"", ""reason"": ""gap_not_here_yet""}"
18.76,gate_table,"{""t"": 18.76, ""rows"": [{""ids"": [""p039"", ""p038""], ""w_now"": 1.5, ""rate"": -0.05, ""dt"": 108.4, ""w_star"": -4.1, ""w_req"": 11.1, ""ok"": false, ""reason"": ""beyond_horizon""}, {""ids"": [""p038"", ""p036""], ""w_now"": 2.4, ""rate"": 0.01, ""dt"": 115.5, ""w_star"": 3.3, ""w_req"": 10.4, ""ok"": false, ""reason"": ""beyond_horizon""}, {""ids"": [""p036"", ""p037""], ""w_now"": 0.2, ""rate"": 0.02, ""dt"": 109.7, ""w_star"": 2.4, ""w_req"": 10.5, ""ok"": false, ""reason"": ""beyond_horizon""}, {""ids"": [""p037"", ""p035""], ""w_now"": 1.1, ""rate"": -0.02, ""dt"": 105.8, ""w_star"": -1.2, ""w_req"": 10.8, ""ok"": false, ""reason"": ""beyond_horizon""}, {""ids"": [""p035"", ""p034""], ""w_now"": 2.5, ""rate"": 0.04, ""dt"": 107.9, ""w_star"": 6.7, ""w_req"": 10.5, ""ok"": false, ""reason"": ""beyond_horizon""}, {""ids"": [""p034"", ""p032""], ""w_now"": 0.6, ""rate"": -0.03, ""dt"": 96.9, ""w_star"": -2.1, ""w_req"": 11.0, ""ok"": false, ""reason"": ""beyond_horizon""}, {""ids"": [""p032"", ""p033""], ""w_now"": 0.4, ""rate"": 0.03, ""dt"": 100.6, ""w_star"": 3.3, ""w_req"": 10.6, ""ok"": false, ""reason"": ""beyond_horizon""}, {""ids"": [""p033"", ""p031""], ""w_now"": 1.0, ""rate"": -0.06, ""dt"": 95.2, ""w_star"": -4.3, ""w_req"": 11.0, ""ok"": false, ""reason"": ""beyond_horizon""}], ""decision"": ""NO_GO"", ""reason"": ""gap_not_here_yet""}"
19.77,gate_table,"{""t"": 19.77, ""rows"": [{""ids"": [""p039"", ""p038""], ""w_now"": 1.2, ""rate"": -0.05, ""dt"": 107.6, ""w_star"": -4.3, ""w_req"": 11.1, ""ok"": false, ""reason"": ""beyond_horizon""}, {""ids"": [""p038"", ""p037""], ""w_now"": 1.6, ""rate"": 0.03, ""dt"": 115.2, ""w_star"": 4.8, ""w_req"": 10.4, ""ok"": false, ""reason"": ""beyond_horizon""}, {""ids"": [""p037"", ""p036""], ""w_now"": 0.3, ""rate"": -0.02, ""dt"": 107.2, ""w_star"": -1.8, ""w_req"": 10.8, ""ok"": false, ""reason"": ""beyond_horizon""}, {""ids"": [""p036"", ""p035""], ""w_now"": 1.7, ""rate"": -0.0, ""dt"": 110.2, ""w_star"": 1.4, ""w_req"": 10.5, ""ok"": false, ""reason"": ""beyond_horizon""}, {""ids"": [""p035"", ""p034""], ""w_now"": 1.3, ""rate"": 0.04, ""dt"": 107.7, ""w_star"": 5.6, ""w_req"": 10.5, ""ok"": false, ""reason"": ""beyond_horizon""}, {""ids"": [""p034"", ""p033""], ""w_now"": 1.5, ""rate"": 0.0, ""dt"": 98.6, ""w_star"": 1.6, ""w_req"": 11.0, ""ok"": false, ""reason"": ""beyond_horizon""}, {""ids"": [""p033"", ""p032""], ""w_now"": 1.3, ""rate"": -0.03, ""dt"": 96.1, ""w_star"": -1.5, ""w_req"": 11.0, ""ok"": false, ""reason"": ""beyond_horizon""}, {""ids"": [""p032"", ""p031""], ""w_now"": 0.5, ""rate"": -0.03, ""dt"": 98.6, ""w_star"": -2.2, ""w_req"": 10.6, ""ok"": false, ""reason"": ""beyond_horizon""}], ""decision"": ""NO_GO"", ""reason"": ""gap_not_here_yet""}"
20.05,predictive_exclusion,"{""ids"": [""p024"", ""p023""], ""reason"": ""too_narrow"", ""w_now"": 4.01, ""opening"": 0.0, ""w_star"": 4.06, ""w_req"": 10.17, ""dt"": 49.8}"
20.26,predictive_exclusion,"{""ids"": [""gamma_front"", ""p023""], ""reason"": ""closing"", ""w_now"": 4.14, ""opening"": -0.17, ""w_star"": -2.43, ""w_req"": 12.36, ""dt"": 39.2}"
20.85,predictive_exclusion,"{""ids"": [""rusher"", ""beta_rear""], ""reason"": ""closing"", ""w_now"": 5.54, ""opening"": -0.19, ""w_star"": -0.81, ""w_req"": 11.45, ""dt"": 33.4}"
20.85,gate_table,"{""t"": 20.85, ""rows"": [{""ids"": [""p039"", ""p038""], ""w_now"": 0.5, ""rate"": -0.05, ""dt"": 101.9, ""w_star"": -4.8, ""w_req"": 11.1, ""ok"": false, ""reason"": ""beyond_horizon""}, {""ids"": [""p038"", ""p037""], ""w_now"": 2.3, ""rate"": 0.03, ""dt"": 110.3, ""w_star"": 5.3, ""w_req"": 10.4, ""ok"": false, ""reason"": ""beyond_horizon""}, {""ids"": [""p037"", ""p036""], ""w_now"": 0.2, ""rate"": -0.02, ""dt"": 101.4, ""w_star"": -1.8, ""w_req"": 10.8, ""ok"": false, ""reason"": ""beyond_horizon""}, {""ids"": [""p036"", ""p035""], ""w_now"": 0.9, ""rate"": -0.0, ""dt"": 104.5, ""w_star"": 0.6, ""w_req"": 10.5, ""ok"": false, ""reason"": ""beyond_horizon""}, {""ids"": [""p035"", ""p034""], ""w_now"": 2.5, ""rate"": 0.04, ""dt"": 103.4, ""w_star"": 6.6, ""w_req"": 10.5, ""ok"": false, ""reason"": ""beyond_horizon""}, {""ids"": [""p034"", ""p032""], ""w_now"": 1.3, ""rate"": -0.03, ""dt"": 92.6, ""w_star"": -1.3, ""w_req"": 11.0, ""ok"": false, ""reason"": ""beyond_horizon""}, {""ids"": [""p032"", ""p033""], ""w_now"": 0.1, ""rate"": 0.03, ""dt"": 94.9, ""w_star"": 2.8, ""w_req"": 10.6, ""ok"": false, ""reason"": ""beyond_horizon""}, {""ids"": [""p033"", ""p031""], ""w_now"": 0.9, ""rate"": -0.06, ""dt"": 90.3, ""w_star"": -4.1, ""w_req"": 11.0, ""ok"": false, ""reason"": ""beyond_horizon""}], ""decision"": ""NO_GO"", ""reason"": ""gap_not_here_yet""}"
21.88,gate_table,"{""t"": 21.88, ""rows"": [{""ids"": [""p039"", ""p038""], ""w_now"": 1.1, ""rate"": -0.05, ""dt"": 102.4, ""w_star"": -4.2, ""w_req"": 11.1, ""ok"": false, ""reason"": ""beyond_horizon""}, {""ids"": [""p038"", ""p036""], ""w_now"": 1.8, ""rate"": 0.01, ""dt"": 109.8, ""w_star"": 2.7, ""w_req"": 10.4, ""ok"": false, ""reason"": ""beyond_horizon""}, {""ids"": [""p036"", ""p037""], ""w_now"": 0.0, ""rate"": 0.02, ""dt"": 105.2, ""w_star"": 2.1, ""w_req"": 10.5, ""ok"": false, ""reason"": ""beyond_horizon""}, {""ids"": [""p037"", ""p035""], ""w_now"": 1.5, ""rate"": -0.02, ""dt"": 101.7, ""w_star"": -0.7, ""w_req"": 10.8, ""ok"": false, ""reason"": ""beyond_horizon""}, {""ids"": [""p035"", ""p034""], ""w_now"": 1.9, ""rate"": 0.04, ""dt"": 103.0, ""w_star"": 6.0, ""w_req"": 10.5, ""ok"": false, ""reason"": ""beyond_horizon""}, {""ids"": [""p034"", ""p032""], ""w_now"": 1.7, ""rate"": -0.03, ""dt"": 93.3, ""w_star"": -1.0, ""w_req"": 11.0, ""ok"": false, ""reason"": ""beyond_horizon""}, {""ids"": [""p032"", ""p033""], ""w_now"": 0.3, ""rate"": 0.03, ""dt"": 95.0, ""w_star"": 3.1, ""w_req"": 10.6, ""ok"": false, ""reason"": ""beyond_horizon""}, {""ids"": [""p033"", ""p031""], ""w_now"": 0.1, ""rate"": -0.06, ""dt"": 90.0, ""w_star"": -5.0, ""w_req"": 11.0, ""ok"": false, ""reason"": ""beyond_horizon""}], ""decision"": ""NO_GO"", ""reason"": ""gap_not_here_yet""}"
21.95,predictive_exclusion,"{""ids"": [""beta_front"", ""alpha_front""], ""reason"": ""closing"", ""w_now"": 6.37, ""opening"": -0.6, ""w_star"": 5.08, ""w_req"": 16.0, ""dt"": 2.1}"
22.96,gate_table,"{""t"": 22.96, ""rows"": [{""ids"": [""p039"", ""p038""], ""w_now"": 1.1, ""rate"": -0.05, ""dt"": 102.1, ""w_star"": -4.2, ""w_req"": 11.1, ""ok"": false, ""reason"": ""beyond_horizon""}, {""ids"": [""p038"", ""p037""], ""w_now"": 0.7, ""rate"": 0.03, ""dt"": 109.4, ""w_star"": 3.7, ""w_req"": 10.4, ""ok"": false, ""reason"": ""beyond_horizon""}, {""ids"": [""p037"", ""p036""], ""w_now"": 0.6, ""rate"": -0.02, ""dt"": 103.2, ""w_star"": -1.4, ""w_req"": 10.8, ""ok"": false, ""reason"": ""beyond_horizon""}, {""ids"": [""p036"", ""p035""], ""w_now"": 1.3, ""rate"": -0.0, ""dt"": 105.5, ""w_star"": 1.0, ""w_req"": 10.5, ""ok"": false, ""reason"": ""beyond_horizon""}, {""ids"": [""p035"", ""p034""], ""w_now"": 2.3, ""rate"": 0.04, ""dt"": 103.8, ""w_star"": 6.4, ""w_req"": 10.5, ""ok"": false, ""reason"": ""beyond_horizon""}, {""ids"": [""p034"", ""p032""], ""w_now"": 1.6, ""rate"": -0.03, ""dt"": 93.4, ""w_star"": -1.0, ""w_req"": 11.0, ""ok"": false, ""reason"": ""beyond_horizon""}, {""ids"": [""p032"", ""p033""], ""w_now"": 0.1, ""rate"": 0.03, ""dt"": 95.2, ""w_star"": 2.9, ""w_req"": 10.6, ""ok"": false, ""reason"": ""beyond_horizon""}, {""ids"": [""p033"", ""p031""], ""w_now"": 1.1, ""rate"": -0.06, ""dt"": 90.5, ""w_star"": -4.0, ""w_req"": 11.0, ""ok"": false, ""reason"": ""beyond_horizon""}], ""decision"": ""NO_GO"", ""reason"": ""gap_not_here_yet""}"
24.05,gate_table,"{""t"": 24.05, ""rows"": [{""ids"": [""p039"", ""p038""], ""w_now"": 0.4, ""rate"": -0.05, ""dt"": 102.1, ""w_star"": -4.8, ""w_req"": 11.1, ""ok"": false, ""reason"": ""beyond_horizon""}, {""ids"": [""p038"", ""p037""], ""w_now"": 1.8, ""rate"": 0.03, ""dt"": 110.5, ""w_star"": 4.9, ""w_req"": 10.4, ""ok"": false, ""reason"": ""beyond_horizon""}, {""ids"": [""p037"", ""p036""], ""w_now"": 0.7, ""rate"": -0.02, ""dt"": 102.4, ""w_star"": -1.3, ""w_req"": 10.8, ""ok"": false, ""reason"": ""beyond_horizon""}, {""ids"": [""p036"", ""p035""], ""w_now"": 0.9, ""rate"": -0.0, ""dt"": 104.6, ""w_star"": 0.6, ""w_req"": 10.5, ""ok"": false, ""reason"": ""beyond_horizon""}, {""ids"": [""p035"", ""p034""], ""w_now"": 2.3, ""rate"": 0.04, ""dt"": 103.6, ""w_star"": 6.4, ""w_req"": 10.5, ""ok"": false, ""reason"": ""beyond_horizon""}, {""ids"": [""p034"", ""p033""], ""w_now"": 1.7, ""rate"": 0.0, ""dt"": 93.1, ""w_star"": 1.7, ""w_req"": 11.0, ""ok"": false, ""reason"": ""beyond_horizon""}, {""ids"": [""p033"", ""p032""], ""w_now"": 0.2, ""rate"": -0.03, ""dt"": 90.3, ""w_star"": -2.4, ""w_req"": 11.0, ""ok"": false, ""reason"": ""beyond_horizon""}, {""ids"": [""p032"", ""p031""], ""w_now"": 0.0, ""rate"": -0.03, ""dt"": 94.3, ""w_star"": -2.5, ""w_req"": 10.6, ""ok"": false, ""reason"": ""beyond_horizon""}], ""decision"": ""NO_GO"", ""reason"": ""gap_not_here_yet""}"
25.06,gate_table,"{""t"": 25.06, ""rows"": [{""ids"": [""p039"", ""p038""], ""w_now"": 0.0, ""rate"": -0.05, ""dt"": 102.1, ""w_star"": -5.2, ""w_req"": 11.1, ""ok"": false, ""reason"": ""beyond_horizon""}, {""ids"": [""p038"", ""p036""], ""w_now"": 2.8, ""rate"": 0.01, ""dt"": 111.3, ""w_star"": 3.7, ""w_req"": 10.4, ""ok"": false, ""reason"": ""beyond_horizon""}, {""ids"": [""p036"", ""p037""], ""w_now"": 0.1, ""rate"": 0.02, ""dt"": 105.0, ""w_star"": 2.2, ""w_req"": 10.5, ""ok"": false, ""reason"": ""beyond_horizon""}, {""ids"": [""p037"", ""p035""], ""w_now"": 0.8, ""rate"": -0.02, ""dt"": 101.3, ""w_star"": -1.4, ""w_req"": 10.8, ""ok"": false, ""reason"": ""beyond_horizon""}, {""ids"": [""p035"", ""p034""], ""w_now"": 2.5, ""rate"": 0.04, ""dt"": 103.8, ""w_star"": 6.6, ""w_req"": 10.5, ""ok"": false, ""reason"": ""beyond_horizon""}, {""ids"": [""p034"", ""p033""], ""w_now"": 1.2, ""rate"": 0.0, ""dt"": 93.0, ""w_star"": 1.3, ""w_req"": 11.0, ""ok"": false, ""reason"": ""beyond_horizon""}, {""ids"": [""p033"", ""p032""], ""w_now"": 1.0, ""rate"": -0.03, ""dt"": 91.0, ""w_star"": -1.7, ""w_req"": 11.0, ""ok"": false, ""reason"": ""beyond_horizon""}, {""ids"": [""p032"", ""p031""], ""w_now"": 0.1, ""rate"": -0.03, ""dt"": 93.8, ""w_star"": -2.4, ""w_req"": 10.6, ""ok"": false, ""reason"": ""beyond_horizon""}], ""decision"": ""NO_GO"", ""reason"": ""gap_not_here_yet""}"
25.45,predictive_exclusion,"{""ids"": [""gamma_rear"", ""gamma_front""], ""reason"": ""too_narrow"", ""w_now"": 4.01, ""opening"": 0.04, ""w_star"": 5.85, ""w_req"": 11.78, ""dt"": 41.0}"
26.15,gate_table,"{""t"": 26.15, ""rows"": [{""ids"": [""p039"", ""p038""], ""w_now"": 0.8, ""rate"": -0.05, ""dt"": 96.9, ""w_star"": -4.2, ""w_req"": 11.1, ""ok"": false, ""reason"": ""beyond_horizon""}, {""ids"": [""p038"", ""p037""], ""w_now"": 1.8, ""rate"": 0.03, ""dt"": 104.2, ""w_star"": 4.6, ""w_req"": 10.4, ""ok"": false, ""reason"": ""beyond_horizon""}, {""ids"": [""p037"", ""p036""], ""w_now"": 0.4, ""rate"": -0.02, ""dt"": 96.4, ""w_star"": -1.5, ""w_req"": 10.8, ""ok"": false, ""reason"": ""beyond_horizon""}, {""ids"": [""p036"", ""p035""], ""w_now"": 0.7, ""rate"": -0.0, ""dt"": 99.0, ""w_star"": 0.5, ""w_req"": 10.5, ""ok"": false, ""reason"": ""beyond_horizon""}, {""ids"": [""p035"", ""p034""], ""w_now"": 2.0, ""rate"": 0.04, ""dt"": 98.2, ""w_star"": 5.9, ""w_req"": 10.5, ""ok"": false, ""reason"": ""beyond_horizon""}, {""ids"": [""p034"", ""p032""], ""w_now"": 1.8, ""rate"": -0.03, ""dt"": 88.6, ""w_star"": -0.7, ""w_req"": 11.0, ""ok"": false, ""reason"": ""beyond_horizon""}, {""ids"": [""p032"", ""p033""], ""w_now"": 0.2, ""rate"": 0.03, ""dt"": 89.7, ""w_star"": 2.8, ""w_req"": 10.6, ""ok"": false, ""reason"": ""beyond_horizon""}, {""ids"": [""p033"", ""p031""], ""w_now"": 1.0, ""rate"": -0.06, ""dt"": 85.3, ""w_star"": -3.8, ""w_req"": 11.0, ""ok"": false, ""reason"": ""beyond_horizon""}], ""decision"": ""NO_GO"", ""reason"": ""gap_not_here_yet""}"
27.15,predictive_exclusion,"{""ids"": [""p023"", ""p022""], ""reason"": ""closing"", ""w_now"": 4.28, ""opening"": -0.01, ""w_star"": 3.97, ""w_req"": 10.18, ""dt"": 39.1}"
27.25,gate_table,"{""t"": 27.25, ""rows"": [{""ids"": [""p038"", ""p039""], ""w_now"": 0.4, ""rate"": 0.05, ""dt"": 106.3, ""w_star"": 5.9, ""w_req"": 10.4, ""ok"": false, ""reason"": ""beyond_horizon""}, {""ids"": [""p039"", ""p037""], ""w_now"": 2.0, ""rate"": -0.02, ""dt"": 96.8, ""w_star"": -0.3, ""w_req"": 11.1, ""ok"": false, ""reason"": ""beyond_horizon""}, {""ids"": [""p037"", ""p036""], ""w_now"": 0.1, ""rate"": -0.02, ""dt"": 97.3, ""w_star"": -1.8, ""w_req"": 10.8, ""ok"": false, ""reason"": ""beyond_horizon""}, {""ids"": [""p036"", ""p035""], ""w_now"": 1.6, ""rate"": -0.0, ""dt"": 100.4, ""w_star"": 1.4, ""w_req"": 10.5, ""ok"": false, ""reason"": ""beyond_horizon""}, {""ids"": [""p035"", ""p034""], ""w_now"": 2.1, ""rate"": 0.04, ""dt"": 98.1, ""w_star"": 6.0, ""w_req"": 10.5, ""ok"": false, ""reason"": ""beyond_horizon""}, {""ids"": [""p034"", ""p033""], ""w_now"": 1.4, ""rate"": 0.0, ""dt"": 88.4, ""w_star"": 1.5, ""w_req"": 11.0, ""ok"": false, ""reason"": ""beyond_horizon""}, {""ids"": [""p033"", ""p031""], ""w_now"": 0.6, ""rate"": -0.06, ""dt"": 86.0, ""w_star"": -4.2, ""w_req"": 11.0, ""ok"": false, ""reason"": ""beyond_horizon""}, {""ids"": [""p031"", ""p032""], ""w_now"": 0.1, ""rate"": 0.03, ""dt"": 93.4, ""w_star"": 2.6, ""w_req"": 10.3, ""ok"": false, ""reason"": ""beyond_horizon""}], ""decision"": ""NO_GO"", ""reason"": ""gap_not_here_yet""}"
27.85,go,"{""reason"": ""commit_ready"", ""t"": 27.85, ""wait_s"": 18.7, ""n"": 1, ""mode"": ""full""}"
27.85,phase,"{""from"": ""wait_gate"", ""to"": ""crossing""}"
27.85,speed_limit,"{""limit"": 0.8}"
27.85,goal,"{""x"": 28.5, ""y"": 4.2, ""yaw"": -1.564, ""seq"": 3}"
32.55,banned,"{""id"": ""rusher"", ""conflict"": ""b8"", ""mode"": ""full""}"
32.55,abort,"{""conflict"": ""b8"", ""id"": ""rusher"", ""y"": 18.16, ""t"": 32.55, ""n"": 1, ""mode"": ""full"", ""dur"": 4.7}"
32.55,speed_limit,"{""limit"": null}"
32.55,phase,"{""from"": ""crossing"", ""to"": ""to_stage""}"
32.55,goal,"{""x"": 28.5, ""y"": 19.6, ""yaw"": 0.69, ""seq"": 4}"
36.45,at_stage,"{""t"": 36.45, ""wait_s"": 18.7}"
36.45,phase,"{""from"": ""to_stage"", ""to"": ""wait_gate""}"
36.55,no_go,"{""reason"": ""no_gap_in_horizon"", ""t"": 36.55, ""mode"": ""full""}"
36.55,gate_table,"{""t"": 36.55, ""rows"": [{""ids"": [""p039"", ""p038""], ""w_now"": 0.1, ""rate"": -0.05, ""dt"": 86.8, ""w_star"": -4.4, ""w_req"": 11.1, ""ok"": false, ""reason"": ""beyond_horizon""}, {""ids"": [""p038"", ""p037""], ""w_now"": 1.8, ""rate"": 0.03, ""dt"": 94.4, ""w_star"": 4.4, ""w_req"": 10.4, ""ok"": false, ""reason"": ""beyond_horizon""}, {""ids"": [""p037"", ""p036""], ""w_now"": 0.1, ""rate"": -0.02, ""dt"": 87.1, ""w_star"": -1.6, ""w_req"": 10.8, ""ok"": false, ""reason"": ""beyond_horizon""}, {""ids"": [""p036"", ""p035""], ""w_now"": 1.3, ""rate"": -0.0, ""dt"": 89.9, ""w_star"": 1.1, ""w_req"": 10.5, ""ok"": false, ""reason"": ""beyond_horizon""}, {""ids"": [""p035"", ""p034""], ""w_now"": 2.7, ""rate"": 0.04, ""dt"": 87.9, ""w_star"": 6.2, ""w_req"": 10.5, ""ok"": false, ""reason"": ""beyond_horizon""}, {""ids"": [""p034"", ""p032""], ""w_now"": 1.5, ""rate"": -0.03, ""dt"": 77.8, ""w_star"": -0.7, ""w_req"": 11.0, ""ok"": false, ""reason"": ""beyond_horizon""}, {""ids"": [""p032"", ""p031""], ""w_now"": 0.4, ""rate"": -0.03, ""dt"": 79.0, ""w_star"": -1.7, ""w_req"": 10.6, ""ok"": false, ""reason"": ""beyond_horizon""}, {""ids"": [""p031"", ""p033""], ""w_now"": 0.0, ""rate"": 0.06, ""dt"": 82.1, ""w_star"": 4.6, ""w_req"": 10.3, ""ok"": false, ""reason"": ""beyond_horizon""}], ""decision"": ""NO_GO"", ""reason"": ""no_gap_in_horizon""}"
36.55,goal,"{""x"": 28.5, ""y"": 19.6, ""yaw"": -1.571, ""seq"": 5}"
36.55,pre_align,"{""t"": 36.55, ""err_deg"": 137.2, ""key"": ""stage""}"
37.55,ban_retired,"{""id"": ""rusher"", ""reason"": ""passed_the_lane"", ""t"": 37.55}"
37.55,adopt,"{""ids"": [""beta_rear"", ""rusher""], ""w_now"": 12.39, ""opening"": 1.54, ""w_star"": 41.51, ""w_req"": 8.98, ""dt"": 18.9}"
37.55,go,"{""reason"": ""commit_ready"", ""t"": 37.55, ""wait_s"": 19.8, ""n"": 2, ""mode"": ""full""}"
37.55,phase,"{""from"": ""wait_gate"", ""to"": ""crossing""}"
37.55,speed_limit,"{""limit"": 0.8}"
37.55,goal,"{""x"": 28.5, ""y"": 4.2, ""yaw"": -1.557, ""seq"": 6}"
49.75,band_cleared,"{""t"": 49.75, ""dur"": 12.2}"
49.75,speed_limit,"{""limit"": null}"
49.75,phase,"{""from"": ""crossing"", ""to"": ""to_goal""}"
57.44,crossing_done,"{""t"": 57.44, ""wait_s"": 19.8, ""aborts"": 1, ""goes"": 2, ""mode"": ""full""}"
57.44,phase,"{""from"": ""to_goal"", ""to"": ""done""}"
58.84,goal_done,"{""seq"": 6, ""status"": 4}"
