t,tw,x,y,yaw,cmd_v,cmd_w,phase,active,near_still,min_dist_people,dist_p10,min_dist_counter,regions,freeze_ticks,active_ticks,stops,counter_encounters,close_encounters,safety_stops,collision_proxy,co_region_secs,tf_ok,plan_xte,plan_y_ahead
0.00,0.80,23.00,26.00,0.00,0.00,0.00,idle,0,1,10.85,12.09,nan,,0,0,0,0,0,0,0,0.00,1,nan,nan
0.00,1.80,23.00,26.00,0.00,0.00,0.00,idle,0,1,10.85,12.09,nan,,0,0,0,0,0,0,0,0.00,1,nan,nan
0.00,2.80,23.00,26.00,0.00,0.00,0.00,idle,0,1,10.85,12.09,nan,,0,0,0,0,0,0,0,0.00,1,nan,nan
0.28,3.80,23.02,26.00,-0.04,0.09,-0.50,to_stage,1,0,10.84,12.11,nan,,0,2,0,0,0,0,0,0.00,1,0.02,22.98
1.27,4.80,23.41,25.72,-0.89,0.97,-0.34,to_stage,1,0,10.46,12.08,nan,,0,7,0,0,0,0,0,0.00,1,0.01,22.82
2.28,5.80,24.06,24.99,-0.81,0.99,-0.04,to_stage,1,0,9.53,11.45,nan,,0,12,0,0,0,0,0,0.00,1,0.01,22.04
3.27,6.80,24.73,24.26,-0.83,0.99,0.11,to_stage,1,0,8.58,10.76,nan,,0,17,0,0,0,0,0,0.00,1,0.01,21.32
4.28,7.80,25.41,23.55,-0.80,0.99,-0.08,to_stage,1,0,7.67,10.06,nan,,0,22,0,0,0,0,0,0.00,1,0.02,20.49
5.27,8.80,26.09,22.83,-0.80,0.99,0.06,to_stage,1,0,6.77,9.34,nan,,0,27,0,0,0,0,0,0.00,1,0.02,19.60
6.28,9.80,26.78,22.12,-0.84,0.99,-0.10,to_stage,1,0,5.91,8.61,nan,,0,32,0,0,0,0,0,0.00,1,0.01,19.60
7.28,10.80,27.39,21.36,-0.94,0.92,-0.11,to_stage,1,0,5.06,7.85,nan,,0,37,0,0,0,0,0,0.00,1,0.03,19.60
8.28,11.80,27.83,20.69,-1.04,0.71,-0.12,to_stage,1,0,4.41,7.17,nan,stage_zone,0,42,0,0,0,0,0,0.00,1,0.02,19.60
9.27,12.80,28.15,20.16,-1.03,0.47,0.02,to_stage,1,0,4.01,6.66,nan,stage_zone,0,47,0,0,0,0,0,0.00,1,0.03,19.60
10.18,13.80,28.34,19.84,-1.08,0.33,-0.27,wait_gate,1,0,3.91,6.39,nan,stage_zone,0,52,0,0,0,0,0,0.00,1,0.02,19.60
11.28,14.80,28.41,19.67,-1.34,0.00,0.00,wait_gate,1,1,4.07,6.42,nan,stage_zone,2,57,0,0,0,0,0,0.00,1,0.03,19.60
12.28,15.80,28.41,19.67,-1.34,0.00,0.00,wait_gate,1,1,4.39,6.46,nan,stage_zone,7,62,1,0,0,0,0,0.00,1,0.03,19.60
13.28,16.80,28.41,19.67,-1.34,0.00,0.00,wait_gate,1,1,4.59,6.65,nan,stage_zone,12,67,1,0,0,0,0,0.00,1,0.03,19.60
14.28,17.80,28.41,19.67,-1.34,0.00,0.00,wait_gate,1,1,4.57,7.05,nan,stage_zone,17,72,1,0,0,0,0,0.00,1,0.03,19.60
15.28,18.80,28.41,19.67,-1.34,0.00,0.00,wait_gate,1,1,4.58,7.45,nan,stage_zone,22,77,1,0,0,0,0,0.00,1,0.03,19.60
16.28,19.80,28.41,19.67,-1.34,0.00,0.00,wait_gate,1,1,4.61,7.86,nan,stage_zone,27,82,1,0,0,0,0,0.00,1,0.03,19.60
17.28,20.80,28.41,19.67,-1.34,0.00,0.00,wait_gate,1,1,4.69,8.27,nan,stage_zone,32,87,1,0,0,0,0,0.00,1,0.03,19.60
18.28,21.80,28.41,19.67,-1.34,0.00,0.00,wait_gate,1,1,4.80,8.57,nan,stage_zone,37,92,1,0,0,0,0,0.00,1,0.03,19.60
19.28,22.80,28.41,19.67,-1.34,0.00,0.00,wait_gate,1,1,4.95,8.24,nan,stage_zone,42,97,1,0,0,0,0,0.00,1,0.03,19.60
20.28,23.80,28.41,19.67,-1.34,0.00,0.00,wait_gate,1,1,5.13,8.59,nan,stage_zone,47,102,1,0,0,0,0,0.00,1,0.03,19.60
21.28,24.80,28.41,19.67,-1.34,0.00,0.00,wait_gate,1,1,5.34,8.95,nan,stage_zone,52,107,1,0,0,0,0,0.00,1,0.03,19.60
22.28,25.80,28.41,19.67,-1.34,0.00,0.00,wait_gate,1,1,5.33,9.33,nan,stage_zone,57,112,1,0,0,0,0,0.00,1,0.03,19.60
23.28,26.80,28.41,19.67,-1.34,0.00,0.00,wait_gate,1,1,4.71,9.72,nan,stage_zone,62,117,1,0,0,0,0,0.00,1,0.03,19.60
24.28,27.80,28.41,19.67,-1.34,0.00,0.00,wait_gate,1,1,4.25,10.12,nan,stage_zone,67,122,1,0,0,0,0,0.00,1,0.03,19.60
25.28,28.80,28.41,19.67,-1.34,0.00,0.00,wait_gate,1,1,3.98,10.53,nan,stage_zone,72,127,1,0,0,0,0,0.00,1,0.03,19.60
26.28,29.80,28.41,19.67,-1.34,0.00,0.00,wait_gate,1,1,3.92,10.96,nan,stage_zone,77,132,1,0,0,0,0,0.00,1,0.03,19.60
27.28,30.80,28.41,19.67,-1.34,0.00,0.00,wait_gate,1,1,4.08,11.39,nan,stage_zone,82,137,1,0,0,0,0,0.00,1,0.03,19.60
28.28,31.80,28.41,19.67,-1.36,0.00,-0.20,crossing,1,1,4.44,11.84,nan,stage_zone,87,142,1,0,0,0,0,0.00,1,0.02,18.73
29.28,32.80,28.39,19.64,-2.44,0.16,-1.57,crossing,1,0,4.93,12.30,4.93,stage_zone,90,147,1,0,0,0,0,0.00,1,0.02,17.90
30.28,33.80,27.76,19.58,3.13,0.60,0.59,crossing,1,0,5.96,12.69,5.96,stage_zone,90,152,1,0,0,0,0,0.00,1,0.09,16.44
31.28,34.80,27.14,19.26,-2.13,0.80,0.83,crossing,1,0,6.93,12.56,6.93,stage_zone,90,157,1,0,0,0,0,0.00,1,0.02,15.49
32.28,35.80,26.79,18.56,-1.86,0.80,0.55,crossing,1,0,7.54,12.50,nan,stage_zone,90,162,1,0,0,0,0,0.00,1,0.01,14.57
33.27,36.80,26.72,17.78,-1.54,0.37,0.20,to_stage,1,0,5.61,12.90,nan,,90,167,1,0,0,0,0,0.00,1,0.03,19.60
34.28,37.80,26.72,17.74,-0.68,0.00,1.83,to_stage,1,1,3.94,13.48,nan,,95,172,2,0,0,0,0,0.00,1,0.02,19.60
35.27,38.80,27.09,17.99,0.83,0.99,0.38,to_stage,1,0,3.18,10.47,nan,,95,177,2,0,0,0,0,0.00,1,0.04,19.60
36.28,39.80,27.63,18.62,0.88,0.68,0.04,to_stage,1,0,3.48,10.74,nan,stage_zone,95,182,2,0,0,0,0,0.00,1,0.02,19.60
37.28,40.80,28.02,19.09,0.84,0.45,-0.12,to_stage,1,0,4.17,10.84,nan,stage_zone,95,187,2,0,0,0,0,0.00,1,0.01,19.60
38.28,41.80,28.22,19.31,0.80,-0.01,0.01,crossing,1,1,5.16,11.05,nan,stage_zone,96,192,2,0,0,0,0,0.00,1,0.06,18.37
39.28,42.80,28.22,19.31,1.18,-0.00,0.82,crossing,1,1,6.50,11.50,nan,stage_zone,101,197,3,0,0,0,0,0.00,1,0.02,16.89
40.27,43.80,28.22,19.32,2.56,0.01,1.59,crossing,1,1,8.14,11.92,8.14,stage_zone,105,202,3,0,0,0,0,0.00,1,0.03,15.68
41.28,44.82,27.99,19.16,-2.12,0.67,1.56,crossing,1,0,9.15,12.48,9.15,stage_zone,106,207,3,0,0,0,0,0.00,1,0.02,15.20
42.28,45.80,27.85,18.39,-1.66,0.80,0.13,crossing,1,0,8.26,12.71,nan,stage_zone,106,212,3,0,0,0,0,0.00,1,0.01,14.41
43.27,46.80,27.84,17.60,-1.54,0.80,-0.01,crossing,1,0,7.49,13.00,nan,,106,217,3,0,0,0,0,0.00,1,0.01,13.61
44.27,47.80,27.85,16.80,-1.56,0.80,-0.00,crossing,1,0,6.80,13.26,nan,band,106,222,3,0,0,0,0,0.00,1,0.01,12.81
45.18,48.80,27.86,16.00,-1.57,0.80,0.00,crossing,1,0,6.16,13.21,nan,band,106,227,3,0,0,0,0,0.00,1,0.01,12.01
46.27,49.80,27.86,15.20,-1.57,0.80,-0.00,crossing,1,0,5.60,13.34,nan,band,106,232,3,0,0,0,0,0.00,1,0.01,11.18
47.27,50.80,27.86,14.40,-1.57,0.80,-0.00,crossing,1,0,5.16,13.51,nan,band,106,237,3,0,0,0,0,0.00,1,0.01,10.39
48.28,51.80,27.88,13.54,-1.44,0.80,0.26,crossing,1,0,4.90,13.09,nan,band,106,242,3,0,0,0,0,0.00,1,0.03,9.57
49.28,52.80,27.99,12.75,-1.49,0.80,-0.15,crossing,1,0,4.89,12.81,nan,,106,247,3,0,0,0,0,0.00,1,0.01,8.77
50.28,53.80,28.02,11.95,-1.57,0.80,-0.06,crossing,1,0,4.96,12.53,nan,,106,252,3,0,0,0,0,0.00,1,0.01,7.94
51.28,54.80,28.01,11.05,-1.57,0.99,0.04,to_goal,1,0,5.23,12.36,nan,,106,257,3,0,0,0,0,0.00,1,0.02,7.07
52.27,55.80,28.03,10.05,-1.54,1.00,0.08,to_goal,1,0,5.75,12.36,nan,,106,262,3,0,0,0,0,0.00,1,0.02,6.05
53.27,56.80,28.08,9.06,-1.53,0.99,-0.05,to_goal,1,0,6.40,10.38,nan,,106,267,3,0,0,0,0,0.00,1,0.03,5.05
54.27,57.80,28.12,8.07,-1.51,0.99,-0.00,to_goal,1,0,7.15,10.58,nan,,106,272,3,0,0,0,0,0.00,1,0.02,4.20
55.27,58.80,28.17,7.08,-1.51,0.99,-0.01,to_goal,1,0,7.97,10.90,nan,,106,277,3,0,0,0,0,0.00,1,0.02,4.20
56.27,59.80,28.24,6.11,-1.49,0.86,0.02,to_goal,1,0,8.83,11.30,nan,,106,282,3,0,0,0,0,0.00,1,0.01,4.20
57.27,60.80,28.30,5.40,-1.49,0.64,0.02,to_goal,1,0,9.47,11.56,nan,goal_zone,106,287,3,0,0,0,0,0.00,1,0.01,4.20
58.27,61.80,28.34,4.83,-1.46,0.40,0.12,done,1,0,9.99,11.74,nan,goal_zone,106,292,3,0,0,0,0,0.00,1,0.02,4.20
59.27,62.80,28.39,4.50,-1.45,0.31,-0.08,done,1,0,10.31,11.77,nan,goal_zone,106,297,3,0,0,0,0,0.00,1,0.04,4.20
60.27,63.80,28.40,4.40,-1.47,0.00,0.00,done,1,1,10.41,11.60,nan,goal_zone,110,302,4,0,0,0,0,0.00,1,0.01,4.20
61.27,64.80,28.40,4.40,-1.47,0.00,0.00,done,1,1,10.30,11.36,nan,goal_zone,115,307,4,0,0,0,0,0.00,1,0.01,4.20
62.27,65.80,28.40,4.40,-1.47,0.00,0.00,done,1,1,10.20,11.15,nan,goal_zone,120,312,4,0,0,0,0,0.00,1,0.01,4.20
63.27,66.80,28.40,4.40,-1.47,0.00,0.00,done,1,1,10.12,10.95,nan,goal_zone,125,317,4,0,0,0,0,0.00,1,0.01,4.20
64.27,67.80,28.40,4.40,-1.47,0.00,0.00,done,1,1,10.06,10.78,nan,goal_zone,130,322,4,0,0,0,0,0.00,1,0.01,4.20
65.27,68.80,28.40,4.40,-1.47,0.00,0.00,done,1,1,10.02,10.78,nan,goal_zone,135,327,4,0,0,0,0,0.00,1,0.01,4.20
66.27,69.80,28.40,4.40,-1.47,0.00,0.00,done,1,1,10.00,10.92,nan,goal_zone,140,332,4,0,0,0,0,0.00,1,0.01,4.20
67.27,70.80,28.40,4.40,-1.47,0.00,0.00,done,1,1,10.00,10.76,nan,goal_zone,145,337,4,0,0,0,0,0.00,1,0.01,4.20
68.27,71.80,28.40,4.40,-1.47,0.00,0.00,done,1,1,10.02,10.40,nan,goal_zone,150,342,4,0,0,0,0,0.00,1,0.01,4.20
69.27,72.80,28.40,4.40,-1.47,0.00,0.00,done,1,1,10.05,10.26,nan,goal_zone,155,347,4,0,0,0,0,0.00,1,0.01,4.20
70.27,73.80,28.40,4.40,-1.47,0.00,0.00,done,1,1,9.72,10.23,nan,goal_zone,160,352,4,0,0,0,0,0.00,1,0.01,4.20
71.27,74.80,28.40,4.40,-1.47,0.00,0.00,done,1,1,9.42,10.23,nan,goal_zone,165,357,4,0,0,0,0,0.00,1,0.01,4.20
72.27,75.80,28.40,4.40,-1.47,0.00,0.00,done,1,1,9.15,10.32,nan,goal_zone,170,362,4,0,0,0,0,0.00,1,0.01,4.20
73.27,76.80,28.40,4.40,-1.47,0.00,0.00,done,1,1,8.91,10.45,nan,goal_zone,175,367,4,0,0,0,0,0.00,1,0.01,4.20
74.27,77.80,28.40,4.40,-1.47,0.00,0.00,done,1,1,8.70,10.59,nan,goal_zone,180,372,4,0,0,0,0,0.00,1,0.01,4.20
75.27,78.80,28.40,4.40,-1.47,0.00,0.00,done,1,1,8.54,10.76,nan,goal_zone,185,377,4,0,0,0,0,0.00,1,0.01,4.20
76.29,79.80,28.40,4.40,-1.47,0.00,0.00,done,1,1,8.42,10.95,nan,goal_zone,190,382,4,0,0,0,0,0.00,1,0.01,4.20
77.27,80.80,28.40,4.40,-1.47,0.00,0.00,done,1,1,8.35,11.03,nan,goal_zone,195,387,4,0,0,0,0,0.00,1,0.01,4.20
78.17,81.80,28.40,4.40,-1.47,0.00,0.00,done,1,1,8.33,11.07,nan,goal_zone,200,392,4,0,0,0,0,0.00,1,0.01,4.20
79.27,82.80,28.40,4.40,-1.47,0.00,0.00,done,1,1,8.35,11.13,nan,goal_zone,205,397,4,0,0,0,0,0.00,1,0.01,4.20
80.27,83.80,28.40,4.40,-1.47,0.00,0.00,done,1,1,8.43,11.29,nan,goal_zone,210,402,4,0,0,0,0,0.00,1,0.01,4.20
81.27,84.80,28.40,4.40,-1.47,0.00,0.00,done,1,1,8.55,11.51,nan,goal_zone,215,407,4,0,0,0,0,0.00,1,0.01,4.20
82.27,85.80,28.40,4.40,-1.47,0.00,0.00,done,1,1,8.72,11.56,nan,goal_zone,220,412,4,0,0,0,0,0.00,1,0.01,4.20
83.27,86.80,28.40,4.40,-1.47,0.00,0.00,done,1,1,8.93,11.54,nan,goal_zone,225,417,4,0,0,0,0,0.00,1,0.01,4.20
84.27,87.80,28.40,4.40,-1.47,0.00,0.00,done,1,1,9.17,11.66,nan,goal_zone,230,422,4,0,0,0,0,0.00,1,0.01,4.20
85.27,88.80,28.40,4.40,-1.47,0.00,0.00,done,1,1,9.46,11.81,nan,goal_zone,235,427,4,0,0,0,0,0.00,1,0.01,4.20
86.27,89.80,28.40,4.40,-1.47,0.00,0.00,done,1,1,9.77,11.97,nan,goal_zone,240,432,4,0,0,0,0,0.00,1,0.01,4.20
87.27,90.80,28.40,4.40,-1.47,0.00,0.00,done,1,1,10.11,12.14,nan,goal_zone,245,437,4,0,0,0,0,0.00,1,0.01,4.20
88.27,91.80,28.40,4.40,-1.47,0.00,0.00,done,1,1,10.48,11.94,nan,goal_zone,250,442,4,0,0,0,0,0.00,1,0.01,4.20
89.27,92.80,28.40,4.40,-1.47,0.00,0.00,done,1,1,10.86,11.78,nan,goal_zone,255,447,4,0,0,0,0,0.00,1,0.01,4.20
90.27,93.80,28.40,4.40,-1.47,0.00,0.00,done,1,1,11.24,11.89,nan,goal_zone,260,452,4,0,0,0,0,0.00,1,0.01,4.20
91.27,94.80,28.40,4.40,-1.47,0.00,0.00,done,1,1,10.92,12.02,nan,goal_zone,265,457,4,0,0,0,0,0.00,1,0.01,4.20
92.27,95.80,28.40,4.40,-1.47,0.00,0.00,done,1,1,10.63,12.16,nan,goal_zone,270,462,4,0,0,0,0,0.00,1,0.01,4.20
93.27,96.80,28.40,4.40,-1.47,0.00,0.00,done,1,1,10.36,12.59,nan,goal_zone,275,467,4,0,0,0,0,0.00,1,0.01,4.20
94.27,97.80,28.40,4.40,-1.47,0.00,0.00,done,1,1,10.11,12.56,nan,goal_zone,280,472,4,0,0,0,0,0.00,1,0.01,4.20
95.27,98.80,28.40,4.40,-1.47,0.00,0.00,done,1,1,9.90,12.70,nan,goal_zone,285,477,4,0,0,0,0,0.00,1,0.01,4.20
96.27,99.80,28.40,4.40,-1.47,0.00,0.00,done,1,1,9.72,12.85,nan,goal_zone,290,482,4,0,0,0,0,0.00,1,0.01,4.20
97.27,100.80,28.40,4.40,-1.47,0.00,0.00,done,1,1,9.57,12.54,nan,goal_zone,295,487,4,0,0,0,0,0.00,1,0.01,4.20
98.27,101.80,28.40,4.40,-1.47,0.00,0.00,done,1,1,9.46,12.25,nan,goal_zone,300,492,4,0,0,0,0,0.00,1,0.01,4.20
99.27,102.80,28.40,4.40,-1.47,0.00,0.00,done,1,1,9.38,12.24,nan,goal_zone,305,497,4,0,0,0,0,0.00,1,0.01,4.20
100.28,103.80,28.40,4.40,-1.47,0.00,0.00,done,1,1,9.33,12.09,nan,goal_zone,310,502,4,0,0,0,0,0.00,1,0.01,4.20
101.27,104.80,28.40,4.40,-1.47,0.00,0.00,done,1,1,9.33,11.74,nan,goal_zone,315,507,4,0,0,0,0,0.00,1,0.01,4.20
102.27,105.80,28.40,4.40,-1.47,0.00,0.00,done,1,1,9.36,11.42,nan,goal_zone,320,512,4,0,0,0,0,0.00,1,0.01,4.20
103.27,106.80,28.40,4.40,-1.47,0.00,0.00,done,1,1,9.43,11.15,nan,goal_zone,325,517,4,0,0,0,0,0.00,1,0.01,4.20
104.27,107.80,28.40,4.40,-1.47,0.00,0.00,done,1,1,9.53,11.00,nan,goal_zone,330,522,4,0,0,0,0,0.00,1,0.01,4.20
105.27,108.80,28.40,4.40,-1.47,0.00,0.00,done,1,1,9.67,10.89,nan,goal_zone,335,527,4,0,0,0,0,0.00,1,0.01,4.20
106.27,109.80,28.40,4.40,-1.47,0.00,0.00,done,1,1,9.84,10.81,nan,goal_zone,340,532,4,0,0,0,0,0.00,1,0.01,4.20
107.27,110.80,28.40,4.40,-1.47,0.00,0.00,done,1,1,10.04,10.76,nan,goal_zone,345,537,4,0,0,0,0,0.00,1,0.01,4.20
108.27,111.80,28.40,4.40,-1.47,0.00,0.00,done,1,1,9.89,10.74,nan,goal_zone,350,542,4,0,0,0,0,0.00,1,0.01,4.20
109.27,112.80,28.40,4.40,-1.47,0.00,0.00,done,1,1,9.73,10.75,nan,goal_zone,355,547,4,0,0,0,0,0.00,1,0.01,4.20
110.27,113.80,28.40,4.40,-1.47,0.00,0.00,done,1,1,9.59,10.82,nan,goal_zone,360,552,4,0,0,0,0,0.00,1,0.01,4.20
111.27,114.80,28.40,4.40,-1.47,0.00,0.00,done,1,1,9.49,10.92,nan,goal_zone,365,557,4,0,0,0,0,0.00,1,0.01,4.20
112.27,115.80,28.40,4.40,-1.47,0.00,0.00,done,1,1,9.43,10.65,nan,goal_zone,370,562,4,0,0,0,0,0.00,1,0.01,4.20
113.27,116.80,28.40,4.40,-1.47,0.00,0.00,done,1,1,9.39,10.40,nan,goal_zone,375,567,4,0,0,0,0,0.00,1,0.01,4.20
114.27,117.80,28.40,4.40,-1.47,0.00,0.00,done,1,1,9.39,10.17,nan,goal_zone,380,572,4,0,0,0,0,0.00,1,0.01,4.20
115.27,118.80,28.40,4.40,-1.47,0.00,0.00,done,1,1,9.43,9.97,nan,goal_zone,385,577,4,0,0,0,0,0.00,1,0.01,4.20
116.27,119.80,28.40,4.40,-1.47,0.00,0.00,done,1,1,9.50,9.79,nan,goal_zone,390,582,4,0,0,0,0,0.00,1,0.01,4.20
117.27,120.80,28.40,4.40,-1.47,0.00,0.00,done,1,1,9.25,9.65,nan,goal_zone,395,587,4,0,0,0,0,0.00,1,0.01,4.20
118.27,121.80,28.40,4.40,-1.47,0.00,0.00,done,1,1,9.02,9.73,nan,goal_zone,400,592,4,0,0,0,0,0.00,1,0.01,4.20
119.27,122.80,28.40,4.40,-1.47,0.00,0.00,done,1,1,8.81,9.89,nan,goal_zone,405,597,4,0,0,0,0,0.00,1,0.01,4.20
120.27,123.80,28.40,4.40,-1.47,0.00,0.00,done,1,1,8.63,10.09,nan,goal_zone,410,602,4,0,0,0,0,0.00,1,0.01,4.20
121.27,124.80,28.40,4.40,-1.47,0.00,0.00,done,1,1,8.47,10.31,nan,goal_zone,415,607,4,0,0,0,0,0.00,1,0.01,4.20
122.27,125.80,28.40,4.40,-1.47,0.00,0.00,done,1,1,8.34,10.56,nan,goal_zone,420,612,4,0,0,0,0,0.00,1,0.01,4.20
123.27,126.80,28.40,4.40,-1.47,0.00,0.00,done,1,1,8.24,10.55,nan,goal_zone,425,617,4,0,0,0,0,0.00,1,0.01,4.20
124.27,127.80,28.40,4.40,-1.47,0.00,0.00,done,1,1,8.17,10.41,nan,goal_zone,430,622,4,0,0,0,0,0.00,1,0.01,4.20
125.27,128.80,28.40,4.40,-1.47,0.00,0.00,done,1,1,8.13,9.56,nan,goal_zone,435,627,4,0,0,0,0,0.00,1,0.01,4.20
126.27,129.80,28.40,4.40,-1.47,0.00,0.00,done,1,1,8.12,9.69,nan,goal_zone,440,632,4,0,0,0,0,0.00,1,0.01,4.20
127.27,130.80,28.40,4.40,-1.47,0.00,0.00,done,1,1,8.15,9.84,nan,goal_zone,445,637,4,0,0,0,0,0.00,1,0.01,4.20
128.27,131.80,28.40,4.40,-1.47,0.00,0.00,done,1,1,8.20,10.02,nan,goal_zone,450,642,4,0,0,0,0,0.00,1,0.01,4.20
129.27,132.80,28.40,4.40,-1.47,0.00,0.00,done,1,1,8.30,10.04,nan,goal_zone,455,647,4,0,0,0,0,0.00,1,0.01,4.20
130.27,133.80,28.40,4.40,-1.47,0.00,0.00,done,1,1,8.42,10.03,nan,goal_zone,460,652,4,0,0,0,0,0.00,1,0.01,4.20
131.27,134.80,28.40,4.40,-1.47,0.00,0.00,done,1,1,8.57,10.00,nan,goal_zone,465,657,4,0,0,0,0,0.00,1,0.01,4.20
132.27,135.80,28.40,4.40,-1.47,0.00,0.00,done,1,1,8.75,9.89,nan,goal_zone,470,662,4,0,0,0,0,0.00,1,0.01,4.20
133.27,136.80,28.40,4.40,-1.47,0.00,0.00,done,1,1,8.95,9.81,nan,goal_zone,475,667,4,0,0,0,0,0.00,1,0.01,4.20
134.27,137.80,28.40,4.40,-1.47,0.00,0.00,done,1,1,9.18,9.75,nan,goal_zone,480,672,4,0,0,0,0,0.00,1,0.01,4.20
135.27,138.80,28.40,4.40,-1.47,0.00,0.00,done,1,1,9.44,9.71,nan,goal_zone,485,677,4,0,0,0,0,0.00,1,0.01,4.20
136.27,139.80,28.40,4.40,-1.47,0.00,0.00,done,1,1,9.55,9.71,nan,goal_zone,490,682,4,0,0,0,0,0.00,1,0.01,4.20
137.27,140.80,28.40,4.40,-1.47,0.00,0.00,done,1,1,9.42,9.72,nan,goal_zone,495,687,4,0,0,0,0,0.00,1,0.01,4.20
138.27,141.80,28.40,4.40,-1.47,0.00,0.00,done,1,1,9.31,9.76,nan,goal_zone,500,692,4,0,0,0,0,0.00,1,0.01,4.20
139.27,142.80,28.40,4.40,-1.47,0.00,0.00,done,1,1,9.22,9.82,nan,goal_zone,505,697,4,0,0,0,0,0.00,1,0.01,4.20
140.27,143.80,28.40,4.40,-1.47,0.00,0.00,done,1,1,9.16,9.91,nan,goal_zone,510,702,4,0,0,0,0,0.00,1,0.01,4.20
141.27,144.80,28.40,4.40,-1.47,0.00,0.00,done,1,1,9.13,10.02,nan,goal_zone,515,707,4,0,0,0,0,0.00,1,0.01,4.20
142.27,145.80,28.40,4.40,-1.47,0.00,0.00,done,1,1,9.12,10.15,nan,goal_zone,520,712,4,0,0,0,0,0.00,1,0.01,4.20
143.27,146.80,28.40,4.40,-1.47,0.00,0.00,done,1,1,9.14,10.31,nan,goal_zone,525,717,4,0,0,0,0,0.00,1,0.01,4.20
144.27,147.80,28.40,4.40,-1.47,0.00,0.00,done,1,1,9.19,10.49,nan,goal_zone,530,722,4,0,0,0,0,0.00,1,0.01,4.20
145.27,148.80,28.40,4.40,-1.47,0.00,0.00,done,1,1,9.27,10.68,nan,goal_zone,535,727,4,0,0,0,0,0.00,1,0.01,4.20
146.27,149.80,28.40,4.40,-1.47,0.00,0.00,done,1,1,9.37,10.74,nan,goal_zone,540,732,4,0,0,0,0,0.00,1,0.01,4.20
147.27,150.80,28.40,4.40,-1.47,0.00,0.00,done,1,1,9.49,10.65,nan,goal_zone,545,737,4,0,0,0,0,0.00,1,0.01,4.20
148.27,151.80,28.40,4.40,-1.47,0.00,0.00,done,1,1,9.64,10.58,nan,goal_zone,550,742,4,0,0,0,0,0.00,1,0.01,4.20
149.27,152.80,28.40,4.40,-1.47,0.00,0.00,done,1,1,9.82,10.53,nan,goal_zone,555,747,4,0,0,0,0,0.00,1,0.01,4.20
150.27,153.80,28.40,4.40,-1.47,0.00,0.00,done,1,1,10.01,10.51,nan,goal_zone,560,752,4,0,0,0,0,0.00,1,0.01,4.20
151.27,154.80,28.40,4.40,-1.47,0.00,0.00,done,1,1,10.22,10.51,nan,goal_zone,565,757,4,0,0,0,0,0.00,1,0.01,4.20
152.27,155.80,28.40,4.40,-1.47,0.00,0.00,done,1,1,10.46,10.53,nan,goal_zone,570,762,4,0,0,0,0,0.00,1,0.01,4.20
153.27,156.80,28.40,4.40,-1.47,0.00,0.00,done,1,1,10.58,10.71,nan,goal_zone,575,767,4,0,0,0,0,0.00,1,0.01,4.20
154.27,157.80,28.40,4.40,-1.47,0.00,0.00,done,1,1,10.65,10.98,nan,goal_zone,580,772,4,0,0,0,0,0.00,1,0.01,4.20
155.27,158.80,28.40,4.40,-1.47,0.00,0.00,done,1,1,10.74,11.27,nan,goal_zone,585,777,4,0,0,0,0,0.00,1,0.01,4.20
156.27,159.80,28.40,4.40,-1.47,0.00,0.00,done,1,1,10.85,11.57,nan,goal_zone,590,782,4,0,0,0,0,0.00,1,0.01,4.20
157.27,160.80,28.40,4.40,-1.47,0.00,0.00,done,1,1,10.99,11.88,nan,goal_zone,595,787,4,0,0,0,0,0.00,1,0.01,4.20
158.27,161.80,28.40,4.40,-1.47,0.00,0.00,done,1,1,11.14,12.21,nan,goal_zone,600,792,4,0,0,0,0,0.00,1,0.01,4.20
159.27,162.80,28.40,4.40,-1.47,0.00,0.00,done,1,1,11.32,12.55,nan,goal_zone,605,797,4,0,0,0,0,0.00,1,0.01,4.20
160.27,163.80,28.40,4.40,-1.47,0.00,0.00,done,1,1,11.51,12.91,nan,goal_zone,610,802,4,0,0,0,0,0.00,1,0.01,4.20
161.27,164.80,28.40,4.40,-1.47,0.00,0.00,done,1,1,11.73,13.27,nan,goal_zone,615,807,4,0,0,0,0,0.00,1,0.01,4.20
